-- AUTO-GENERATED by seed/scripts/build_seed_sql.py — do not edit by hand
-- Format: ONE batched INSERT per table (wrangler --local needs this).

INSERT OR REPLACE INTO operators (id, slug, name, display_name, country, primary_lang, cover_color, contact_email, status) VALUES
  ('op_nzski', 'nzski', 'NZSki', 'NZSki — Queenstown / Methven', 'NZ', 'en', 'linear-gradient(135deg,#0e3d4a 0%, #134e5e 50%, #1a6679 100%)', 'trade@nzski.com', 'active');

INSERT OR REPLACE INTO courses (id, operator_id, slug, title, summary, cover_color, emoji, primary_lang, status, est_minutes, ai_examples_json) VALUES
  ('c_coronet_peak_2026', 'op_nzski', 'coronet-peak-2026', 'Coronet Peak 2026', 'Queenstown''s pioneer ski field — terrain, lessons, snowmaking and the 2026 capital programme. Pitch with confidence to all guest types.', 'linear-gradient(135deg,#0e3d4a 0%, #134e5e 50%, #1a6679 100%)', '⛷️', 'en', 'published', 25, '["Heli Privates 适合什么水平?", "Snow-day cancellation policy", "Lift pass + rental combo pricing", "Bus shuttle from Queenstown CBD"]'),
  ('c_remarkables_2026', 'op_nzski', 'remarkables-2026', 'The Remarkables 2026', 'Queenstown''s family-favourite alpine resort, ringed by the iconic Remarkables range. 30% beginner, 40% intermediate terrain — pitch with confidence to families and intermediate-led groups.', 'linear-gradient(135deg,#1e293b 0%, #334155 100%)', '🏔️', 'en', 'published', 22, '["30/40/30 terrain split — where to send beginners?", "What''s new at The Remarkables for 2026?", "Ski bus schedule from Frankton", "Non-skier guest options"]'),
  ('c_mt_hutt_2026', 'op_nzski', 'mt-hutt-2026', 'Mt Hutt 2026', 'South Island''s highest commercial ski area and NZ''s longest season. Methven-based, accessible from Christchurch — great for shoulder-season pitches and guests prioritising snow reliability.', 'linear-gradient(135deg,#3d2f1f 0%, #6b4423 60%, #8b5a2b 100%)', '🏂', 'en', 'published', 24, '["Mt Hutt 比 Coronet Peak 6 月雪况更好吗?", "Chillfest 是什么时候?", "Methven 住宿推荐", "为什么 Mt Hutt 没有 Heli Privates?"]'),
  ('c_nzski_private_coaching', 'op_nzski', 'full-day-private-coaching', 'Full Day Private Coaching', 'Cross-resort private coaching offering — auto-drafted from 5 PDFs, pending operator review.', 'linear-gradient(135deg,#1f3a2e 0%, #2d5a3d 50%, #4a7c59 100%)', '🚁', 'en', 'draft', 0, NULL);

INSERT OR REPLACE INTO modules (id, course_id, slug, title, summary, est_minutes, position) VALUES
  ('m_cp_overview', 'c_coronet_peak_2026', 'mountain-overview', 'Mountain overview', 'Where Coronet Peak sits, who it suits, the headline 2026 changes.', 5, 1),
  ('m_cp_lifts_terrain', 'c_coronet_peak_2026', 'lifts-terrain', 'Lifts & terrain map', 'Lift configuration, terrain mix, what to recommend for beginners vs advanced.', 8, 2),
  ('m_cp_lessons', 'c_coronet_peak_2026', 'lessons-coaching', 'Lessons & coaching', 'Three private-coaching tiers — Premium, Performance, Premium Heli. Who they''re for and how to position them.', 6, 3),
  ('m_cp_pricing', 'c_coronet_peak_2026', 'pricing-inclusions', 'Pricing & inclusions', 'Lift passes, rentals, bundles, and trade rates.', 6, 4),
  ('m_cp_booking', 'c_coronet_peak_2026', 'booking-faq', 'Booking & FAQ', 'How agents book, snow-day policy, transport from Queenstown.', 7, 5),
  ('m_tr_overview', 'c_remarkables_2026', 'mountain-overview', 'Mountain overview', 'Where The Remarkables sits, who it suits, the headline 2026 changes.', 4, 1),
  ('m_tr_terrain', 'c_remarkables_2026', 'terrain-mix', 'Terrain mix & lifts', '30/40/30 beginner-intermediate-advanced split. Lift network, named runs, where to send each guest type.', 6, 2),
  ('m_tr_lessons_family', 'c_remarkables_2026', 'lessons-family', 'Lessons, kids programmes & non-skiers', 'Kids programmes, private + group coaching, adaptive snowsports, and what non-skier guests can do.', 5, 3),
  ('m_tr_food_facilities', 'c_remarkables_2026', 'food-facilities', 'Food, beverage & facilities', 'Restaurant, café, Aperol Ice Bar, Barista Bar — plus the 2026 deck expansion.', 3, 4),
  ('m_tr_booking_transport', 'c_remarkables_2026', 'booking-transport', 'Booking, transport & FAQ', 'Ski Bus, trade portal, snow-day policy, multi-mountain pass economics.', 4, 5),
  ('m_mh_overview', 'c_mt_hutt_2026', 'mountain-overview', 'Mountain overview', 'Why Mt Hutt wins on snow reliability and shoulder season.', 5, 1),
  ('m_mh_terrain', 'c_mt_hutt_2026', 'terrain-lifts', 'Terrain, lifts & runs', 'Skiable area, lift configuration, the named runs and back-bowl access.', 6, 2),
  ('m_mh_lessons', 'c_mt_hutt_2026', 'lessons-coaching', 'Lessons & coaching', 'Two private-coaching tiers (Premium, Performance). No heli at Mt Hutt — that''s Coronet only.', 5, 3),
  ('m_mh_events_2026', 'c_mt_hutt_2026', 'events-2026', 'Events & what''s new for 2026', 'Chillfest, Moon Ski, and the high-altitude festival programme.', 4, 4),
  ('m_mh_access_booking', 'c_mt_hutt_2026', 'access-booking', 'Access, accommodation & booking', 'Methven base, Christchurch arrival logistics, where guests stay.', 4, 5);

INSERT OR REPLACE INTO content_blocks (id, module_id, position, kind, text_md, image_r2_key, video_uid, pdf_r2_key, caption, lang) VALUES
  ('b_m_cp_overview_000', 'm_cp_overview', 0, 'text', '**Coronet Peak** is NZSki''s pioneer ski field and the closest commercial ski area to Queenstown — just **25 minutes** from the CBD, which makes it the easy recommendation for guests who want a full day on snow and still enjoy town in the evening. The terrain suits **all abilities**: beginners progress on the Meadows and Kidzone learner carpets, while the open bowls and groomed runs give intermediates and families room to build confidence. The 2026 winter season runs **daily from June 13 to early October**, including Coronet''s well-known **night skiing** sessions on selected evenings.', NULL, NULL, NULL, NULL, 'en'),
  ('b_m_cp_overview_001', 'm_cp_overview', 1, 'callout', '**New for 2026 — Snow Factory.** Coronet Peak is now home to the **South Island''s first Snow Factory**, an all-weather system that produces premium snow **regardless of air temperature**. For your clients this means a far more reliable **early-season** product — groomed, skiable terrain from opening week even when natural snowfall is light, a strong reason to book Coronet for June and early-July departures.', NULL, NULL, NULL, NULL, 'en'),
  ('b_m_cp_overview_002', 'm_cp_overview', 2, 'text', 'The **2026 capital programme** improves the experience at both ends of the ability range. For families and first-timers, the **Kidzone learner area** gets an upgraded magic carpet for smoother, faster progression. For advanced guests, a **new Snowsports Heli Premium Private** experience launches alongside the existing private-coaching tiers, pairing backcountry heli access with one-on-one coaching. Together with the new Snow Factory, these upgrades make Coronet an easier sell across every guest profile you work with.', NULL, NULL, NULL, NULL, 'en'),
  ('b_m_cp_lifts_terrain_000', 'm_cp_lifts_terrain', 0, 'text', 'Lift network across Coronet''s bowl plus the M1 Express on the back face. Beginner zone fed by Meadows and Kidzone carpets; intermediates spread across Greengates / Rocky Gully; experts head to Back Bowls when conditions allow.', NULL, NULL, NULL, NULL, 'en'),
  ('b_m_cp_lifts_terrain_001', 'm_cp_lifts_terrain', 1, 'image', NULL, NULL, NULL, NULL, 'Coronet Peak base lodge — winter 2026', 'en'),
  ('b_m_cp_lessons_000', 'm_cp_lessons', 0, 'text', 'Coronet Peak offers **three tiers of private coaching**, each capped at 4 guests per instructor. Choosing the right tier depends on ability level and what the guest wants to get out of the day.', NULL, NULL, NULL, NULL, 'en'),
  ('b_m_cp_lessons_001', 'm_cp_lessons', 1, 'callout', '**Premium Privates** — family-friendly, all abilities. **NZ$ from 1,099/day**. Recommend for first-timers through to confident intermediates and mixed-ability groups.', NULL, NULL, NULL, NULL, 'en'),
  ('b_m_cp_lessons_002', 'm_cp_lessons', 2, 'callout', '**Performance Privates** — technique-focused for advanced skiers/snowboarders. **NZ$ from 1,299/day**. Recommend when the guest''s goal is measurable improvement.', NULL, NULL, NULL, NULL, 'en'),
  ('b_m_cp_lessons_003', 'm_cp_lessons', 3, 'callout', '**Premium Heli Privates** — backcountry heli access for advanced+ guests. **NZ$ from 2,890/day** including 2 drop-offs and full mountain-safety briefing. Subject to weather. Only available at Coronet Peak (not Remarkables or Mt Hutt).', NULL, NULL, NULL, NULL, 'en'),
  ('b_m_cp_lessons_004', 'm_cp_lessons', 4, 'video', NULL, NULL, 'yt:aqz-KE-bpKQ', NULL, 'Coronet Peak — Aerial 2026 (DEMO video — swap to real NZSki YouTube ID before activity)', 'en'),
  ('b_m_cp_pricing_000', 'm_cp_pricing', 0, 'text', 'Day lift passes start at **NZ$ 169 adult / 99 child** at gate; **advance purchase** discounts available 14+ days out. 3-mountain pass (Coronet + Remarkables + Mt Hutt) is the best value for guests staying 4+ days in NZ.', NULL, NULL, NULL, NULL, 'en'),
  ('b_m_cp_booking_000', 'm_cp_booking', 0, 'text', 'Trade bookings via the NZSki Travel Trade portal. **Snow-day cancellation policy:** if the resort closes for the full day, lift-pass holders receive a credit (not refund) usable within 24 months at any NZSki resort. Lessons and heli are rebooked subject to availability or fully refunded.', NULL, NULL, NULL, NULL, 'en'),
  ('b_m_tr_overview_000', 'm_tr_overview', 0, 'text', '**The Remarkables** sits 24 km (45 min) from central Queenstown via 9 km sealed + 4 km unsealed access road. Targeted opening **13 June 2026**. Peak elevation **1,943 m**, vertical drop **468 m**, average snowfall **3.67 m per annum** (excl. snowmaking).', NULL, NULL, NULL, NULL, 'en'),
  ('b_m_tr_overview_001', 'm_tr_overview', 1, 'callout', '**New for 2026** — expanded café with 200+ additional seats, café-deck fire pits with BBQ + music, increased Ski Bus capacity (3 new MAN 4WD coaches + a 4th mid-season), and additional snow machines.', NULL, NULL, NULL, NULL, 'en'),
  ('b_m_tr_overview_002', 'm_tr_overview', 2, 'text', 'The Remarkables ski area is part of family-owned NZSki, alongside Coronet Peak (Queenstown) and Mt Hutt (Methven). Strong family draw plus enough advanced terrain (Alta Chutes / Homeward Bound) to satisfy expert guests on the same day.', NULL, NULL, NULL, NULL, 'en'),
  ('b_m_tr_terrain_000', 'm_tr_terrain', 0, 'text', 'Terrain split: **30% beginner, 40% intermediate, 30% advanced**. Lifts: **three high-speed six-seater chairs**, one quad chair, and **four surface conveyors** (three with covered galleries).', NULL, NULL, NULL, NULL, 'en'),
  ('b_m_tr_terrain_001', 'm_tr_terrain', 1, 'callout', '**Iconic named runs**: City, Curvey, Cross Fall, Serpentine, Turquoise, Waterfall, Calypso, Mid Steeps — plus dedicated terrain parks.', NULL, NULL, NULL, NULL, 'en'),
  ('b_m_tr_terrain_002', 'm_tr_terrain', 2, 'text', '**Where to send guests**: First-timers → Meadows / surface conveyors. Confident intermediates → Sugar Bowl + Shadow Basin. Advanced → Alta Chutes, Homeward Bound, and back-bowl access via Curvey traverses.', NULL, NULL, NULL, NULL, 'en'),
  ('b_m_tr_lessons_family_000', 'm_tr_lessons_family', 0, 'text', 'Private and group coaching, kids programmes from age 3, high-performance camps, and adaptive snowsports. Capped class sizes mean confident progression for first-timers in a single day.', NULL, NULL, NULL, NULL, 'en'),
  ('b_m_tr_lessons_family_001', 'm_tr_lessons_family', 1, 'callout', '**Non-skier guests**: scenic chair rides on First Chair, lunch at the Aperol Ice Bar or main restaurant, sledding zone, and beginner snow-experience packages.', NULL, NULL, NULL, NULL, 'en'),
  ('b_m_tr_food_facilities_000', 'm_tr_food_facilities', 0, 'text', 'F&B lineup: full-service restaurant + bar, café, **Aperol Ice Bar**, and Barista Bar. The 2026 café expansion adds 200+ seats and a deck with fire pits, BBQ and a custom park sound system.', NULL, NULL, NULL, NULL, 'en'),
  ('b_m_tr_food_facilities_001', 'm_tr_food_facilities', 1, 'text', '**Sustainability**: in 2024 NZSki introduced Sorting Stations across all outlets — reduced waste to landfill by 42% through composting. Carbon credits purchased via Climate Action. Ongoing planting, revegetation and pest control on the mountain.', NULL, NULL, NULL, NULL, 'en'),
  ('b_m_tr_booking_transport_000', 'm_tr_booking_transport', 0, 'text', '**Ski Bus**: dedicated scheduled service from central Queenstown before 9 am and Frankton after 9.30 am. 2026 fleet expansion adds 3 new MAN 4WD coaches (+ 1 mid-season) — capacity issues common in 2024/25 are addressed.', NULL, NULL, NULL, NULL, 'en'),
  ('b_m_tr_booking_transport_001', 'm_tr_booking_transport', 1, 'text', '**Snow-day policy** (NZSki-wide): if the resort closes for the full day, lift-pass holders receive a **credit** (not refund) usable within 24 months at any NZSki resort. Lessons/heli rebooked subject to availability or fully refunded.', NULL, NULL, NULL, NULL, 'en'),
  ('b_m_tr_booking_transport_002', 'm_tr_booking_transport', 2, 'callout', '**3-Mountain pass** (Coronet + Remarkables + Mt Hutt) is best value for guests staying **4+ days** in NZ. Strongly recommend for South Island multi-stop itineraries.', NULL, NULL, NULL, NULL, 'en'),
  ('b_m_mh_overview_000', 'm_mh_overview', 0, 'text', '**Mt Hutt** is NZ''s longest ski season — targeted opening **12 June 2026**, often running into mid-October. Peak elevation **2,086 m** (the highest commercial ski area in the South Island), vertical drop **683 m**. 1 hr 30 min drive from Christchurch International Airport via Methven.', NULL, NULL, NULL, NULL, 'en'),
  ('b_m_mh_overview_001', 'm_mh_overview', 1, 'callout', '**Positioning tip**: Mt Hutt is the answer when a guest wants to ski in **June** (Queenstown fields often patchy in early June) or in **October** when other fields have closed.', NULL, NULL, NULL, NULL, 'en'),
  ('b_m_mh_overview_002', 'm_mh_overview', 2, 'text', 'Sister to Coronet Peak and The Remarkables — same NZSki ownership, same lift-pass and booking systems. 3-Mountain pass holders enjoy all three on one ticket.', NULL, NULL, NULL, NULL, 'en'),
  ('b_m_mh_terrain_000', 'm_mh_terrain', 0, 'text', 'Mt Hutt offers wide-open faces, well-suited to intermediates building confidence. The high altitude means lighter, drier snow than Queenstown fields on most days.', NULL, NULL, NULL, NULL, 'en'),
  ('b_m_mh_terrain_001', 'm_mh_terrain', 1, 'callout', '**Lift network**: high-speed six-pack chair (Heritage Chair) + Summit Six + Triple chair + magic-carpet learner zone. The Six-Star Express opens up the South Face and back bowls in good weather.', NULL, NULL, NULL, NULL, 'en'),
  ('b_m_mh_lessons_000', 'm_mh_lessons', 0, 'text', 'Mt Hutt offers **two tiers of private coaching**: Premium Privates (family-friendly, all abilities, **NZ$ from 1,099/day**) and Performance Privates (advanced, technique-focused, **NZ$ from 1,299/day**). Each session is capped at 4 guests per instructor.', NULL, NULL, NULL, NULL, 'en'),
  ('b_m_mh_lessons_001', 'm_mh_lessons', 1, 'callout', '**Important**: Premium Heli Privates are **Coronet Peak only**. Don''t promise heli access to guests buying a Mt Hutt-only itinerary — direct them to Coronet for the day if it''s the differentiator.', NULL, NULL, NULL, NULL, 'en'),
  ('b_m_mh_lessons_002', 'm_mh_lessons', 2, 'text', 'Kids programmes from age 3, high-performance camps, and adaptive snowsports — same structure as the other two NZSki resorts.', NULL, NULL, NULL, NULL, 'en'),
  ('b_m_mh_events_2026_000', 'm_mh_events_2026', 0, 'text', '**Chillfest** (19 Sep) — Mt Hutt''s biggest party of the season, on-mountain music + après. **Moon Ski** (26 Sep) — limited-capacity night-skiing event under a full moon. Use these as ''reason to stay extra nights in Methven'' when pitching trips.', NULL, NULL, NULL, NULL, 'en'),
  ('b_m_mh_events_2026_001', 'm_mh_events_2026', 1, 'text', 'Mid-week junior race series runs **27–28 Jun, 27–28 Jul, 28 Aug** — useful for parents wanting structured kid programming.', NULL, NULL, NULL, NULL, 'en'),
  ('b_m_mh_access_booking_000', 'm_mh_access_booking', 0, 'text', '**Base town**: Methven (population ~1,800) — the entire town is geared around the ski season. Most guests stay 2–4 nights. Christchurch (1 hr 30 min drive) is the alternative for guests who want city amenities + day-trip skiing.', NULL, NULL, NULL, NULL, 'en'),
  ('b_m_mh_access_booking_001', 'm_mh_access_booking', 1, 'callout', '**Trade booking**: NZSki Travel Trade portal handles all three resorts in one PNR. Snow-day credit policy is identical to the other resorts (credit, not refund, valid 24 months at any NZSki resort).', NULL, NULL, NULL, NULL, 'en');

INSERT OR REPLACE INTO qa_logs (id, operator_id, question, question_lang, answer, answer_lang, source_kind) VALUES
  ('qa_nzski_000_00', 'op_nzski', '客户问 Heli Privates 适合什么水平的滑雪者?', 'zh-CN', '(seeded answer placeholder)', 'zh-CN', 'rag'),
  ('qa_nzski_000_01', 'op_nzski', '客户问 Heli Privates 适合什么水平的滑雪者?', 'zh-CN', '(seeded answer placeholder)', 'zh-CN', 'rag'),
  ('qa_nzski_000_02', 'op_nzski', '客户问 Heli Privates 适合什么水平的滑雪者?', 'zh-CN', '(seeded answer placeholder)', 'zh-CN', 'rag'),
  ('qa_nzski_000_03', 'op_nzski', '客户问 Heli Privates 适合什么水平的滑雪者?', 'zh-CN', '(seeded answer placeholder)', 'zh-CN', 'rag'),
  ('qa_nzski_000_04', 'op_nzski', '客户问 Heli Privates 适合什么水平的滑雪者?', 'zh-CN', '(seeded answer placeholder)', 'zh-CN', 'rag'),
  ('qa_nzski_000_05', 'op_nzski', '客户问 Heli Privates 适合什么水平的滑雪者?', 'zh-CN', '(seeded answer placeholder)', 'zh-CN', 'rag'),
  ('qa_nzski_000_06', 'op_nzski', '客户问 Heli Privates 适合什么水平的滑雪者?', 'zh-CN', '(seeded answer placeholder)', 'zh-CN', 'rag'),
  ('qa_nzski_000_07', 'op_nzski', '客户问 Heli Privates 适合什么水平的滑雪者?', 'zh-CN', '(seeded answer placeholder)', 'zh-CN', 'rag'),
  ('qa_nzski_000_08', 'op_nzski', '客户问 Heli Privates 适合什么水平的滑雪者?', 'zh-CN', '(seeded answer placeholder)', 'zh-CN', 'rag'),
  ('qa_nzski_000_09', 'op_nzski', '客户问 Heli Privates 适合什么水平的滑雪者?', 'zh-CN', '(seeded answer placeholder)', 'zh-CN', 'rag'),
  ('qa_nzski_000_10', 'op_nzski', '客户问 Heli Privates 适合什么水平的滑雪者?', 'zh-CN', '(seeded answer placeholder)', 'zh-CN', 'rag'),
  ('qa_nzski_000_11', 'op_nzski', '客户问 Heli Privates 适合什么水平的滑雪者?', 'zh-CN', '(seeded answer placeholder)', 'zh-CN', 'rag'),
  ('qa_nzski_000_12', 'op_nzski', '客户问 Heli Privates 适合什么水平的滑雪者?', 'zh-CN', '(seeded answer placeholder)', 'zh-CN', 'rag'),
  ('qa_nzski_000_13', 'op_nzski', '客户问 Heli Privates 适合什么水平的滑雪者?', 'zh-CN', '(seeded answer placeholder)', 'zh-CN', 'rag'),
  ('qa_nzski_000_14', 'op_nzski', '客户问 Heli Privates 适合什么水平的滑雪者?', 'zh-CN', '(seeded answer placeholder)', 'zh-CN', 'rag'),
  ('qa_nzski_000_15', 'op_nzski', '客户问 Heli Privates 适合什么水平的滑雪者?', 'zh-CN', '(seeded answer placeholder)', 'zh-CN', 'rag'),
  ('qa_nzski_000_16', 'op_nzski', '客户问 Heli Privates 适合什么水平的滑雪者?', 'zh-CN', '(seeded answer placeholder)', 'zh-CN', 'rag'),
  ('qa_nzski_000_17', 'op_nzski', '客户问 Heli Privates 适合什么水平的滑雪者?', 'zh-CN', '(seeded answer placeholder)', 'zh-CN', 'rag'),
  ('qa_nzski_000_18', 'op_nzski', '客户问 Heli Privates 适合什么水平的滑雪者?', 'zh-CN', '(seeded answer placeholder)', 'zh-CN', 'rag'),
  ('qa_nzski_000_19', 'op_nzski', '客户问 Heli Privates 适合什么水平的滑雪者?', 'zh-CN', '(seeded answer placeholder)', 'zh-CN', 'rag'),
  ('qa_nzski_000_20', 'op_nzski', '客户问 Heli Privates 适合什么水平的滑雪者?', 'zh-CN', '(seeded answer placeholder)', 'zh-CN', 'rag'),
  ('qa_nzski_000_21', 'op_nzski', '客户问 Heli Privates 适合什么水平的滑雪者?', 'zh-CN', '(seeded answer placeholder)', 'zh-CN', 'rag'),
  ('qa_nzski_000_22', 'op_nzski', '客户问 Heli Privates 适合什么水平的滑雪者?', 'zh-CN', '(seeded answer placeholder)', 'zh-CN', 'rag'),
  ('qa_nzski_000_23', 'op_nzski', '客户问 Heli Privates 适合什么水平的滑雪者?', 'zh-CN', '(seeded answer placeholder)', 'zh-CN', 'rag'),
  ('qa_nzski_000_24', 'op_nzski', '客户问 Heli Privates 适合什么水平的滑雪者?', 'zh-CN', '(seeded answer placeholder)', 'zh-CN', 'rag'),
  ('qa_nzski_000_25', 'op_nzski', '客户问 Heli Privates 适合什么水平的滑雪者?', 'zh-CN', '(seeded answer placeholder)', 'zh-CN', 'rag'),
  ('qa_nzski_000_26', 'op_nzski', '客户问 Heli Privates 适合什么水平的滑雪者?', 'zh-CN', '(seeded answer placeholder)', 'zh-CN', 'rag'),
  ('qa_nzski_000_27', 'op_nzski', '客户问 Heli Privates 适合什么水平的滑雪者?', 'zh-CN', '(seeded answer placeholder)', 'zh-CN', 'rag'),
  ('qa_nzski_000_28', 'op_nzski', '客户问 Heli Privates 适合什么水平的滑雪者?', 'zh-CN', '(seeded answer placeholder)', 'zh-CN', 'rag'),
  ('qa_nzski_000_29', 'op_nzski', '客户问 Heli Privates 适合什么水平的滑雪者?', 'zh-CN', '(seeded answer placeholder)', 'zh-CN', 'rag'),
  ('qa_nzski_000_30', 'op_nzski', '客户问 Heli Privates 适合什么水平的滑雪者?', 'zh-CN', '(seeded answer placeholder)', 'zh-CN', 'rag'),
  ('qa_nzski_000_31', 'op_nzski', '客户问 Heli Privates 适合什么水平的滑雪者?', 'zh-CN', '(seeded answer placeholder)', 'zh-CN', 'rag'),
  ('qa_nzski_000_32', 'op_nzski', '客户问 Heli Privates 适合什么水平的滑雪者?', 'zh-CN', '(seeded answer placeholder)', 'zh-CN', 'rag'),
  ('qa_nzski_000_33', 'op_nzski', '客户问 Heli Privates 适合什么水平的滑雪者?', 'zh-CN', '(seeded answer placeholder)', 'zh-CN', 'rag'),
  ('qa_nzski_000_34', 'op_nzski', '客户问 Heli Privates 适合什么水平的滑雪者?', 'zh-CN', '(seeded answer placeholder)', 'zh-CN', 'rag'),
  ('qa_nzski_000_35', 'op_nzski', '客户问 Heli Privates 适合什么水平的滑雪者?', 'zh-CN', '(seeded answer placeholder)', 'zh-CN', 'rag'),
  ('qa_nzski_000_36', 'op_nzski', '客户问 Heli Privates 适合什么水平的滑雪者?', 'zh-CN', '(seeded answer placeholder)', 'zh-CN', 'rag'),
  ('qa_nzski_000_37', 'op_nzski', '客户问 Heli Privates 适合什么水平的滑雪者?', 'zh-CN', '(seeded answer placeholder)', 'zh-CN', 'rag'),
  ('qa_nzski_000_38', 'op_nzski', '客户问 Heli Privates 适合什么水平的滑雪者?', 'zh-CN', '(seeded answer placeholder)', 'zh-CN', 'rag'),
  ('qa_nzski_000_39', 'op_nzski', '客户问 Heli Privates 适合什么水平的滑雪者?', 'zh-CN', '(seeded answer placeholder)', 'zh-CN', 'rag'),
  ('qa_nzski_000_40', 'op_nzski', '客户问 Heli Privates 适合什么水平的滑雪者?', 'zh-CN', '(seeded answer placeholder)', 'zh-CN', 'rag'),
  ('qa_nzski_000_41', 'op_nzski', '客户问 Heli Privates 适合什么水平的滑雪者?', 'zh-CN', '(seeded answer placeholder)', 'zh-CN', 'rag'),
  ('qa_nzski_000_42', 'op_nzski', '客户问 Heli Privates 适合什么水平的滑雪者?', 'zh-CN', '(seeded answer placeholder)', 'zh-CN', 'rag'),
  ('qa_nzski_000_43', 'op_nzski', '客户问 Heli Privates 适合什么水平的滑雪者?', 'zh-CN', '(seeded answer placeholder)', 'zh-CN', 'rag'),
  ('qa_nzski_000_44', 'op_nzski', '客户问 Heli Privates 适合什么水平的滑雪者?', 'zh-CN', '(seeded answer placeholder)', 'zh-CN', 'rag'),
  ('qa_nzski_000_45', 'op_nzski', '客户问 Heli Privates 适合什么水平的滑雪者?', 'zh-CN', '(seeded answer placeholder)', 'zh-CN', 'rag'),
  ('qa_nzski_000_46', 'op_nzski', '客户问 Heli Privates 适合什么水平的滑雪者?', 'zh-CN', '(seeded answer placeholder)', 'zh-CN', 'rag'),
  ('qa_nzski_000_47', 'op_nzski', '客户问 Heli Privates 适合什么水平的滑雪者?', 'zh-CN', '(seeded answer placeholder)', 'zh-CN', 'rag'),
  ('qa_nzski_000_48', 'op_nzski', '客户问 Heli Privates 适合什么水平的滑雪者?', 'zh-CN', '(seeded answer placeholder)', 'zh-CN', 'rag'),
  ('qa_nzski_000_49', 'op_nzski', '客户问 Heli Privates 适合什么水平的滑雪者?', 'zh-CN', '(seeded answer placeholder)', 'zh-CN', 'rag'),
  ('qa_nzski_001_00', 'op_nzski', 'Lift pass + rental combo pricing', 'en', '(seeded answer placeholder)', 'en', 'rag'),
  ('qa_nzski_001_01', 'op_nzski', 'Lift pass + rental combo pricing', 'en', '(seeded answer placeholder)', 'en', 'rag'),
  ('qa_nzski_001_02', 'op_nzski', 'Lift pass + rental combo pricing', 'en', '(seeded answer placeholder)', 'en', 'rag'),
  ('qa_nzski_001_03', 'op_nzski', 'Lift pass + rental combo pricing', 'en', '(seeded answer placeholder)', 'en', 'rag'),
  ('qa_nzski_001_04', 'op_nzski', 'Lift pass + rental combo pricing', 'en', '(seeded answer placeholder)', 'en', 'rag'),
  ('qa_nzski_001_05', 'op_nzski', 'Lift pass + rental combo pricing', 'en', '(seeded answer placeholder)', 'en', 'rag'),
  ('qa_nzski_001_06', 'op_nzski', 'Lift pass + rental combo pricing', 'en', '(seeded answer placeholder)', 'en', 'rag'),
  ('qa_nzski_001_07', 'op_nzski', 'Lift pass + rental combo pricing', 'en', '(seeded answer placeholder)', 'en', 'rag'),
  ('qa_nzski_001_08', 'op_nzski', 'Lift pass + rental combo pricing', 'en', '(seeded answer placeholder)', 'en', 'rag'),
  ('qa_nzski_001_09', 'op_nzski', 'Lift pass + rental combo pricing', 'en', '(seeded answer placeholder)', 'en', 'rag'),
  ('qa_nzski_001_10', 'op_nzski', 'Lift pass + rental combo pricing', 'en', '(seeded answer placeholder)', 'en', 'rag'),
  ('qa_nzski_001_11', 'op_nzski', 'Lift pass + rental combo pricing', 'en', '(seeded answer placeholder)', 'en', 'rag'),
  ('qa_nzski_001_12', 'op_nzski', 'Lift pass + rental combo pricing', 'en', '(seeded answer placeholder)', 'en', 'rag'),
  ('qa_nzski_001_13', 'op_nzski', 'Lift pass + rental combo pricing', 'en', '(seeded answer placeholder)', 'en', 'rag'),
  ('qa_nzski_001_14', 'op_nzski', 'Lift pass + rental combo pricing', 'en', '(seeded answer placeholder)', 'en', 'rag'),
  ('qa_nzski_001_15', 'op_nzski', 'Lift pass + rental combo pricing', 'en', '(seeded answer placeholder)', 'en', 'rag'),
  ('qa_nzski_001_16', 'op_nzski', 'Lift pass + rental combo pricing', 'en', '(seeded answer placeholder)', 'en', 'rag'),
  ('qa_nzski_001_17', 'op_nzski', 'Lift pass + rental combo pricing', 'en', '(seeded answer placeholder)', 'en', 'rag'),
  ('qa_nzski_001_18', 'op_nzski', 'Lift pass + rental combo pricing', 'en', '(seeded answer placeholder)', 'en', 'rag'),
  ('qa_nzski_001_19', 'op_nzski', 'Lift pass + rental combo pricing', 'en', '(seeded answer placeholder)', 'en', 'rag'),
  ('qa_nzski_001_20', 'op_nzski', 'Lift pass + rental combo pricing', 'en', '(seeded answer placeholder)', 'en', 'rag'),
  ('qa_nzski_001_21', 'op_nzski', 'Lift pass + rental combo pricing', 'en', '(seeded answer placeholder)', 'en', 'rag'),
  ('qa_nzski_001_22', 'op_nzski', 'Lift pass + rental combo pricing', 'en', '(seeded answer placeholder)', 'en', 'rag'),
  ('qa_nzski_001_23', 'op_nzski', 'Lift pass + rental combo pricing', 'en', '(seeded answer placeholder)', 'en', 'rag'),
  ('qa_nzski_001_24', 'op_nzski', 'Lift pass + rental combo pricing', 'en', '(seeded answer placeholder)', 'en', 'rag'),
  ('qa_nzski_001_25', 'op_nzski', 'Lift pass + rental combo pricing', 'en', '(seeded answer placeholder)', 'en', 'rag'),
  ('qa_nzski_001_26', 'op_nzski', 'Lift pass + rental combo pricing', 'en', '(seeded answer placeholder)', 'en', 'rag'),
  ('qa_nzski_001_27', 'op_nzski', 'Lift pass + rental combo pricing', 'en', '(seeded answer placeholder)', 'en', 'rag'),
  ('qa_nzski_001_28', 'op_nzski', 'Lift pass + rental combo pricing', 'en', '(seeded answer placeholder)', 'en', 'rag'),
  ('qa_nzski_001_29', 'op_nzski', 'Lift pass + rental combo pricing', 'en', '(seeded answer placeholder)', 'en', 'rag'),
  ('qa_nzski_001_30', 'op_nzski', 'Lift pass + rental combo pricing', 'en', '(seeded answer placeholder)', 'en', 'rag'),
  ('qa_nzski_001_31', 'op_nzski', 'Lift pass + rental combo pricing', 'en', '(seeded answer placeholder)', 'en', 'rag'),
  ('qa_nzski_001_32', 'op_nzski', 'Lift pass + rental combo pricing', 'en', '(seeded answer placeholder)', 'en', 'rag'),
  ('qa_nzski_001_33', 'op_nzski', 'Lift pass + rental combo pricing', 'en', '(seeded answer placeholder)', 'en', 'rag'),
  ('qa_nzski_001_34', 'op_nzski', 'Lift pass + rental combo pricing', 'en', '(seeded answer placeholder)', 'en', 'rag'),
  ('qa_nzski_001_35', 'op_nzski', 'Lift pass + rental combo pricing', 'en', '(seeded answer placeholder)', 'en', 'rag'),
  ('qa_nzski_001_36', 'op_nzski', 'Lift pass + rental combo pricing', 'en', '(seeded answer placeholder)', 'en', 'rag'),
  ('qa_nzski_001_37', 'op_nzski', 'Lift pass + rental combo pricing', 'en', '(seeded answer placeholder)', 'en', 'rag'),
  ('qa_nzski_001_38', 'op_nzski', 'Lift pass + rental combo pricing', 'en', '(seeded answer placeholder)', 'en', 'rag'),
  ('qa_nzski_001_39', 'op_nzski', 'Lift pass + rental combo pricing', 'en', '(seeded answer placeholder)', 'en', 'rag'),
  ('qa_nzski_001_40', 'op_nzski', 'Lift pass + rental combo pricing', 'en', '(seeded answer placeholder)', 'en', 'rag'),
  ('qa_nzski_001_41', 'op_nzski', 'Lift pass + rental combo pricing', 'en', '(seeded answer placeholder)', 'en', 'rag'),
  ('qa_nzski_001_42', 'op_nzski', 'Lift pass + rental combo pricing', 'en', '(seeded answer placeholder)', 'en', 'rag'),
  ('qa_nzski_001_43', 'op_nzski', 'Lift pass + rental combo pricing', 'en', '(seeded answer placeholder)', 'en', 'rag'),
  ('qa_nzski_001_44', 'op_nzski', 'Lift pass + rental combo pricing', 'en', '(seeded answer placeholder)', 'en', 'rag'),
  ('qa_nzski_001_45', 'op_nzski', 'Lift pass + rental combo pricing', 'en', '(seeded answer placeholder)', 'en', 'rag'),
  ('qa_nzski_001_46', 'op_nzski', 'Lift pass + rental combo pricing', 'en', '(seeded answer placeholder)', 'en', 'rag'),
  ('qa_nzski_001_47', 'op_nzski', 'Lift pass + rental combo pricing', 'en', '(seeded answer placeholder)', 'en', 'rag'),
  ('qa_nzski_001_48', 'op_nzski', 'Lift pass + rental combo pricing', 'en', '(seeded answer placeholder)', 'en', 'rag'),
  ('qa_nzski_001_49', 'op_nzski', 'Lift pass + rental combo pricing', 'en', '(seeded answer placeholder)', 'en', 'rag'),
  ('qa_nzski_002_00', 'op_nzski', 'Bus shuttle from Queenstown CBD', 'en', '(seeded answer placeholder)', 'en', 'web'),
  ('qa_nzski_002_01', 'op_nzski', 'Bus shuttle from Queenstown CBD', 'en', '(seeded answer placeholder)', 'en', 'web'),
  ('qa_nzski_002_02', 'op_nzski', 'Bus shuttle from Queenstown CBD', 'en', '(seeded answer placeholder)', 'en', 'web'),
  ('qa_nzski_002_03', 'op_nzski', 'Bus shuttle from Queenstown CBD', 'en', '(seeded answer placeholder)', 'en', 'web'),
  ('qa_nzski_002_04', 'op_nzski', 'Bus shuttle from Queenstown CBD', 'en', '(seeded answer placeholder)', 'en', 'web'),
  ('qa_nzski_002_05', 'op_nzski', 'Bus shuttle from Queenstown CBD', 'en', '(seeded answer placeholder)', 'en', 'web'),
  ('qa_nzski_002_06', 'op_nzski', 'Bus shuttle from Queenstown CBD', 'en', '(seeded answer placeholder)', 'en', 'web'),
  ('qa_nzski_002_07', 'op_nzski', 'Bus shuttle from Queenstown CBD', 'en', '(seeded answer placeholder)', 'en', 'web'),
  ('qa_nzski_002_08', 'op_nzski', 'Bus shuttle from Queenstown CBD', 'en', '(seeded answer placeholder)', 'en', 'web'),
  ('qa_nzski_002_09', 'op_nzski', 'Bus shuttle from Queenstown CBD', 'en', '(seeded answer placeholder)', 'en', 'web'),
  ('qa_nzski_002_10', 'op_nzski', 'Bus shuttle from Queenstown CBD', 'en', '(seeded answer placeholder)', 'en', 'web'),
  ('qa_nzski_002_11', 'op_nzski', 'Bus shuttle from Queenstown CBD', 'en', '(seeded answer placeholder)', 'en', 'web'),
  ('qa_nzski_002_12', 'op_nzski', 'Bus shuttle from Queenstown CBD', 'en', '(seeded answer placeholder)', 'en', 'web'),
  ('qa_nzski_002_13', 'op_nzski', 'Bus shuttle from Queenstown CBD', 'en', '(seeded answer placeholder)', 'en', 'web'),
  ('qa_nzski_002_14', 'op_nzski', 'Bus shuttle from Queenstown CBD', 'en', '(seeded answer placeholder)', 'en', 'web'),
  ('qa_nzski_002_15', 'op_nzski', 'Bus shuttle from Queenstown CBD', 'en', '(seeded answer placeholder)', 'en', 'web'),
  ('qa_nzski_002_16', 'op_nzski', 'Bus shuttle from Queenstown CBD', 'en', '(seeded answer placeholder)', 'en', 'web'),
  ('qa_nzski_002_17', 'op_nzski', 'Bus shuttle from Queenstown CBD', 'en', '(seeded answer placeholder)', 'en', 'web'),
  ('qa_nzski_002_18', 'op_nzski', 'Bus shuttle from Queenstown CBD', 'en', '(seeded answer placeholder)', 'en', 'web'),
  ('qa_nzski_002_19', 'op_nzski', 'Bus shuttle from Queenstown CBD', 'en', '(seeded answer placeholder)', 'en', 'web'),
  ('qa_nzski_002_20', 'op_nzski', 'Bus shuttle from Queenstown CBD', 'en', '(seeded answer placeholder)', 'en', 'web'),
  ('qa_nzski_002_21', 'op_nzski', 'Bus shuttle from Queenstown CBD', 'en', '(seeded answer placeholder)', 'en', 'web'),
  ('qa_nzski_002_22', 'op_nzski', 'Bus shuttle from Queenstown CBD', 'en', '(seeded answer placeholder)', 'en', 'web'),
  ('qa_nzski_002_23', 'op_nzski', 'Bus shuttle from Queenstown CBD', 'en', '(seeded answer placeholder)', 'en', 'web'),
  ('qa_nzski_002_24', 'op_nzski', 'Bus shuttle from Queenstown CBD', 'en', '(seeded answer placeholder)', 'en', 'web'),
  ('qa_nzski_002_25', 'op_nzski', 'Bus shuttle from Queenstown CBD', 'en', '(seeded answer placeholder)', 'en', 'web'),
  ('qa_nzski_002_26', 'op_nzski', 'Bus shuttle from Queenstown CBD', 'en', '(seeded answer placeholder)', 'en', 'web'),
  ('qa_nzski_002_27', 'op_nzski', 'Bus shuttle from Queenstown CBD', 'en', '(seeded answer placeholder)', 'en', 'web'),
  ('qa_nzski_002_28', 'op_nzski', 'Bus shuttle from Queenstown CBD', 'en', '(seeded answer placeholder)', 'en', 'web'),
  ('qa_nzski_002_29', 'op_nzski', 'Bus shuttle from Queenstown CBD', 'en', '(seeded answer placeholder)', 'en', 'web'),
  ('qa_nzski_002_30', 'op_nzski', 'Bus shuttle from Queenstown CBD', 'en', '(seeded answer placeholder)', 'en', 'web'),
  ('qa_nzski_002_31', 'op_nzski', 'Bus shuttle from Queenstown CBD', 'en', '(seeded answer placeholder)', 'en', 'web'),
  ('qa_nzski_002_32', 'op_nzski', 'Bus shuttle from Queenstown CBD', 'en', '(seeded answer placeholder)', 'en', 'web'),
  ('qa_nzski_002_33', 'op_nzski', 'Bus shuttle from Queenstown CBD', 'en', '(seeded answer placeholder)', 'en', 'web'),
  ('qa_nzski_002_34', 'op_nzski', 'Bus shuttle from Queenstown CBD', 'en', '(seeded answer placeholder)', 'en', 'web'),
  ('qa_nzski_002_35', 'op_nzski', 'Bus shuttle from Queenstown CBD', 'en', '(seeded answer placeholder)', 'en', 'web'),
  ('qa_nzski_002_36', 'op_nzski', 'Bus shuttle from Queenstown CBD', 'en', '(seeded answer placeholder)', 'en', 'web'),
  ('qa_nzski_002_37', 'op_nzski', 'Bus shuttle from Queenstown CBD', 'en', '(seeded answer placeholder)', 'en', 'web'),
  ('qa_nzski_002_38', 'op_nzski', 'Bus shuttle from Queenstown CBD', 'en', '(seeded answer placeholder)', 'en', 'web'),
  ('qa_nzski_002_39', 'op_nzski', 'Bus shuttle from Queenstown CBD', 'en', '(seeded answer placeholder)', 'en', 'web'),
  ('qa_nzski_002_40', 'op_nzski', 'Bus shuttle from Queenstown CBD', 'en', '(seeded answer placeholder)', 'en', 'web'),
  ('qa_nzski_002_41', 'op_nzski', 'Bus shuttle from Queenstown CBD', 'en', '(seeded answer placeholder)', 'en', 'web'),
  ('qa_nzski_002_42', 'op_nzski', 'Bus shuttle from Queenstown CBD', 'en', '(seeded answer placeholder)', 'en', 'web'),
  ('qa_nzski_002_43', 'op_nzski', 'Bus shuttle from Queenstown CBD', 'en', '(seeded answer placeholder)', 'en', 'web'),
  ('qa_nzski_002_44', 'op_nzski', 'Bus shuttle from Queenstown CBD', 'en', '(seeded answer placeholder)', 'en', 'web'),
  ('qa_nzski_002_45', 'op_nzski', 'Bus shuttle from Queenstown CBD', 'en', '(seeded answer placeholder)', 'en', 'web'),
  ('qa_nzski_002_46', 'op_nzski', 'Bus shuttle from Queenstown CBD', 'en', '(seeded answer placeholder)', 'en', 'web'),
  ('qa_nzski_002_47', 'op_nzski', 'Bus shuttle from Queenstown CBD', 'en', '(seeded answer placeholder)', 'en', 'web'),
  ('qa_nzski_002_48', 'op_nzski', 'Bus shuttle from Queenstown CBD', 'en', '(seeded answer placeholder)', 'en', 'web'),
  ('qa_nzski_002_49', 'op_nzski', 'Bus shuttle from Queenstown CBD', 'en', '(seeded answer placeholder)', 'en', 'web'),
  ('qa_nzski_003_00', 'op_nzski', 'Cancellation policy for snow days', 'en', '(seeded answer placeholder)', 'en', 'no_answer'),
  ('qa_nzski_003_01', 'op_nzski', 'Cancellation policy for snow days', 'en', '(seeded answer placeholder)', 'en', 'no_answer'),
  ('qa_nzski_003_02', 'op_nzski', 'Cancellation policy for snow days', 'en', '(seeded answer placeholder)', 'en', 'no_answer'),
  ('qa_nzski_003_03', 'op_nzski', 'Cancellation policy for snow days', 'en', '(seeded answer placeholder)', 'en', 'no_answer'),
  ('qa_nzski_003_04', 'op_nzski', 'Cancellation policy for snow days', 'en', '(seeded answer placeholder)', 'en', 'no_answer'),
  ('qa_nzski_003_05', 'op_nzski', 'Cancellation policy for snow days', 'en', '(seeded answer placeholder)', 'en', 'no_answer'),
  ('qa_nzski_003_06', 'op_nzski', 'Cancellation policy for snow days', 'en', '(seeded answer placeholder)', 'en', 'no_answer'),
  ('qa_nzski_003_07', 'op_nzski', 'Cancellation policy for snow days', 'en', '(seeded answer placeholder)', 'en', 'no_answer'),
  ('qa_nzski_003_08', 'op_nzski', 'Cancellation policy for snow days', 'en', '(seeded answer placeholder)', 'en', 'no_answer'),
  ('qa_nzski_003_09', 'op_nzski', 'Cancellation policy for snow days', 'en', '(seeded answer placeholder)', 'en', 'no_answer'),
  ('qa_nzski_003_10', 'op_nzski', 'Cancellation policy for snow days', 'en', '(seeded answer placeholder)', 'en', 'no_answer'),
  ('qa_nzski_003_11', 'op_nzski', 'Cancellation policy for snow days', 'en', '(seeded answer placeholder)', 'en', 'no_answer'),
  ('qa_nzski_003_12', 'op_nzski', 'Cancellation policy for snow days', 'en', '(seeded answer placeholder)', 'en', 'no_answer'),
  ('qa_nzski_003_13', 'op_nzski', 'Cancellation policy for snow days', 'en', '(seeded answer placeholder)', 'en', 'no_answer'),
  ('qa_nzski_003_14', 'op_nzski', 'Cancellation policy for snow days', 'en', '(seeded answer placeholder)', 'en', 'no_answer'),
  ('qa_nzski_003_15', 'op_nzski', 'Cancellation policy for snow days', 'en', '(seeded answer placeholder)', 'en', 'no_answer'),
  ('qa_nzski_003_16', 'op_nzski', 'Cancellation policy for snow days', 'en', '(seeded answer placeholder)', 'en', 'no_answer'),
  ('qa_nzski_003_17', 'op_nzski', 'Cancellation policy for snow days', 'en', '(seeded answer placeholder)', 'en', 'no_answer'),
  ('qa_nzski_003_18', 'op_nzski', 'Cancellation policy for snow days', 'en', '(seeded answer placeholder)', 'en', 'no_answer'),
  ('qa_nzski_003_19', 'op_nzski', 'Cancellation policy for snow days', 'en', '(seeded answer placeholder)', 'en', 'no_answer'),
  ('qa_nzski_003_20', 'op_nzski', 'Cancellation policy for snow days', 'en', '(seeded answer placeholder)', 'en', 'no_answer'),
  ('qa_nzski_003_21', 'op_nzski', 'Cancellation policy for snow days', 'en', '(seeded answer placeholder)', 'en', 'no_answer'),
  ('qa_nzski_003_22', 'op_nzski', 'Cancellation policy for snow days', 'en', '(seeded answer placeholder)', 'en', 'no_answer'),
  ('qa_nzski_003_23', 'op_nzski', 'Cancellation policy for snow days', 'en', '(seeded answer placeholder)', 'en', 'no_answer'),
  ('qa_nzski_003_24', 'op_nzski', 'Cancellation policy for snow days', 'en', '(seeded answer placeholder)', 'en', 'no_answer'),
  ('qa_nzski_003_25', 'op_nzski', 'Cancellation policy for snow days', 'en', '(seeded answer placeholder)', 'en', 'no_answer'),
  ('qa_nzski_003_26', 'op_nzski', 'Cancellation policy for snow days', 'en', '(seeded answer placeholder)', 'en', 'no_answer'),
  ('qa_nzski_003_27', 'op_nzski', 'Cancellation policy for snow days', 'en', '(seeded answer placeholder)', 'en', 'no_answer'),
  ('qa_nzski_003_28', 'op_nzski', 'Cancellation policy for snow days', 'en', '(seeded answer placeholder)', 'en', 'no_answer'),
  ('qa_nzski_003_29', 'op_nzski', 'Cancellation policy for snow days', 'en', '(seeded answer placeholder)', 'en', 'no_answer'),
  ('qa_nzski_003_30', 'op_nzski', 'Cancellation policy for snow days', 'en', '(seeded answer placeholder)', 'en', 'no_answer'),
  ('qa_nzski_003_31', 'op_nzski', 'Cancellation policy for snow days', 'en', '(seeded answer placeholder)', 'en', 'no_answer'),
  ('qa_nzski_003_32', 'op_nzski', 'Cancellation policy for snow days', 'en', '(seeded answer placeholder)', 'en', 'no_answer'),
  ('qa_nzski_003_33', 'op_nzski', 'Cancellation policy for snow days', 'en', '(seeded answer placeholder)', 'en', 'no_answer'),
  ('qa_nzski_003_34', 'op_nzski', 'Cancellation policy for snow days', 'en', '(seeded answer placeholder)', 'en', 'no_answer'),
  ('qa_nzski_003_35', 'op_nzski', 'Cancellation policy for snow days', 'en', '(seeded answer placeholder)', 'en', 'no_answer'),
  ('qa_nzski_003_36', 'op_nzski', 'Cancellation policy for snow days', 'en', '(seeded answer placeholder)', 'en', 'no_answer'),
  ('qa_nzski_003_37', 'op_nzski', 'Cancellation policy for snow days', 'en', '(seeded answer placeholder)', 'en', 'no_answer'),
  ('qa_nzski_003_38', 'op_nzski', 'Cancellation policy for snow days', 'en', '(seeded answer placeholder)', 'en', 'no_answer'),
  ('qa_nzski_003_39', 'op_nzski', 'Cancellation policy for snow days', 'en', '(seeded answer placeholder)', 'en', 'no_answer'),
  ('qa_nzski_003_40', 'op_nzski', 'Cancellation policy for snow days', 'en', '(seeded answer placeholder)', 'en', 'no_answer'),
  ('qa_nzski_003_41', 'op_nzski', 'Cancellation policy for snow days', 'en', '(seeded answer placeholder)', 'en', 'no_answer'),
  ('qa_nzski_003_42', 'op_nzski', 'Cancellation policy for snow days', 'en', '(seeded answer placeholder)', 'en', 'no_answer'),
  ('qa_nzski_003_43', 'op_nzski', 'Cancellation policy for snow days', 'en', '(seeded answer placeholder)', 'en', 'no_answer'),
  ('qa_nzski_003_44', 'op_nzski', 'Cancellation policy for snow days', 'en', '(seeded answer placeholder)', 'en', 'no_answer'),
  ('qa_nzski_003_45', 'op_nzski', 'Cancellation policy for snow days', 'en', '(seeded answer placeholder)', 'en', 'no_answer'),
  ('qa_nzski_003_46', 'op_nzski', 'Cancellation policy for snow days', 'en', '(seeded answer placeholder)', 'en', 'no_answer');

